{
  "spritemap": {
    "а": {
      "start": 1.2,
      "end": 1.7400000095367432,
      "autoplay": false
    },
    "б": {
      "start": 2.500000858306885,
      "end": 3.299999237060547,
      "autoplay": false
    },
    "в": {
      "start": 4.320000076293945,
      "end": 4.679999828338623,
      "autoplay": false
    },
    "г": {
      "start": 5.959999847412109,
      "end": 6.400000095367432,
      "autoplay": false
    },
    "д": { "start": 7.7, "end": 8.0600004196167, "autoplay": false },
    "е": {
      "start": 9.200000190734863,
      "end": 9.800000190734863,
      "autoplay": false
    },
    "ё": {
      "start": 11.000000381469727,
      "end": 11.600000381469727,
      "autoplay": false
    },
    "ж": {
      "start": 12.6600004196167,
      "end": 13.0600004196167,
      "autoplay": false
    },
    "з": {
      "start": 14.240000343322754,
      "end": 14.65999984741211,
      "autoplay": false
    },
    "и": {
      "start": 17.299999237060547,
      "end": 17.360000610351562,
      "autoplay": false
    },
    "й": {
      "start": 17.360000610351562,
      "end": 17.979999542236328,
      "autoplay": false
    },
    "к": {
      "start": 17.979999542236328,
      "end": 19.100000381469727,
      "autoplay": false
    },
    "л": {
      "start": 19.219999313354492,
      "end": 20.700000762939453,
      "autoplay": false
    },
    "м": {
      "start": 21.719999313354492,
      "end": 22.219999313354492,
      "autoplay": false
    },
    "н": { "start": 23.139999389648438, "end": 24, "autoplay": false },
    "о": {
      "start": 24.360000610351562,
      "end": 25.100000381469727,
      "autoplay": false
    },
    "п": {
      "start": 26.18000030517578,
      "end": 26.479999542236328,
      "autoplay": false
    },
    "р": {
      "start": 27.739999771118164,
      "end": 27.940000534057617,
      "autoplay": false
    },
    "с": {
      "start": 29.1200008392334,
      "end": 29.15999984741211,
      "autoplay": false
    },
    "т": {
      "start": 30.459999084472656,
      "end": 30.459999084472656,
      "autoplay": false
    },
    "у": {
      "start": 51.599998474121094,
      "end": 51.86000061035156,
      "autoplay": false
    },
    "ф": {
      "start": 33.34000015258789,
      "end": 33.34000015258789,
      "autoplay": false
    },
    "х": {
      "start": 34.52000045776367,
      "end": 34.52000045776367,
      "autoplay": false
    },
    "ц": {
      "start": 35.720001220703125,
      "end": 35.900001525878906,
      "autoplay": false
    },
    "ч": {
      "start": 37.36000061035156,
      "end": 37.36000061035156,
      "autoplay": false
    },
    "ш": {
      "start": 38.84000015258789,
      "end": 38.84000015258789,
      "autoplay": false
    },
    "щ": {
      "start": 40.29999923706055,
      "end": 40.29999923706055,
      "autoplay": false
    },
    "твёрдый": {
      "start": 41.119998931884766,
      "end": 41.79999923706055,
      "autoplay": false
    },
    "знак": {
      "start": 44.08000183105469,
      "end": 44.459999084472656,
      "autoplay": false
    },
    "мягкий": {
      "start": 43.65999984741211,
      "end": 44.08000183105469,
      "autoplay": false
    },
    "э": { "start": 46, "end": 46.08000183105469, "autoplay": false },
    "ю": {
      "start": 47.36000061035156,
      "end": 47.63999938964844,
      "autoplay": false
    },
    "я": {
      "start": 48.939998626708984,
      "end": 49.13999938964844,
      "autoplay": false
    }
  }
}
